<?xml version='1.0' encoding='UTF-8'?>
<?artifactRepository version='1.1.0'?>
<repository name='Bundle pool' type='org.eclipse.equinox.p2.artifact.repository.simpleRepository' version='1'>
  <properties size='2'>
    <property name='p2.system' value='true'/>
    <property name='p2.timestamp' value='1424519983605'/>
  </properties>
  <mappings size='3'>
    <rule filter='(&amp; (classifier=osgi.bundle))' output='${repoUrl}/plugins/${id}_${version}.jar'/>
    <rule filter='(&amp; (classifier=binary))' output='${repoUrl}/binary/${id}_${version}'/>
    <rule filter='(&amp; (classifier=org.eclipse.update.feature))' output='${repoUrl}/features/${id}_${version}.jar'/>
  </mappings>
  <artifacts size='113'>
    <artifact classifier='osgi.bundle' id='de.uni_freiburg.informatik.ultimate.automata' version='0.0.1'>
      <properties size='1'>
        <property name='download.size' value='4842748'/>
      </properties>
    </artifact>
    <artifact classifier='osgi.bundle' id='SMTSolverBridge' version='0.0.1'>
      <properties size='1'>
        <property name='download.size' value='62862'/>
      </properties>
    </artifact>
    <artifact classifier='osgi.bundle' id='org.eclipse.core.filebuffers' version='3.5.400.v20140127-1516'>
      <properties size='1'>
        <property name='download.size' value='114686'/>
      </properties>
    </artifact>
    <artifact classifier='osgi.bundle' id='org.eclipse.e4.ui.widgets' version='1.0.0.v20140514-1823'>
      <properties size='1'>
        <property name='download.size' value='14566'/>
      </properties>
    </artifact>
    <artifact classifier='osgi.bundle' id='org.hamcrest.core' version='1.3.0.v201303031735'>
      <properties size='1'>
        <property name='download.size' value='55802'/>
      </properties>
    </artifact>
    <artifact classifier='osgi.bundle' id='de.uni_freiburg.informatik.ultimate.plugins.generator.cacsl2boogietranslator' version='0.0.1'>
      <properties size='1'>
        <property name='download.size' value='383941'/>
      </properties>
    </artifact>
    <artifact classifier='osgi.bundle' id='Library-ModelCheckerUtils' version='0.0.1'>
      <properties size='1'>
        <property name='download.size' value='251056'/>
      </properties>
    </artifact>
    <artifact classifier='osgi.bundle' id='JavaCup' version='1.0.0'>
      <properties size='1'>
        <property name='download.size' value='1104781'/>
      </properties>
    </artifact>
    <artifact classifier='osgi.bundle' id='ASTBuilder' version='0.0.1'>
      <properties size='1'>
        <property name='download.size' value='40342'/>
      </properties>
    </artifact>
    <artifact classifier='osgi.bundle' id='org.eclipse.ant.core' version='3.3.0.v20140518-0042'>
      <properties size='1'>
        <property name='download.size' value='106754'/>
      </properties>
    </artifact>
    <artifact classifier='osgi.bundle' id='org.eclipse.cdt.core.native' version='5.7.0.201409172108'>
      <properties size='1'>
        <property name='download.size' value='33378'/>
      </properties>
    </artifact>
    <artifact classifier='osgi.bundle' id='de.uni_freiburg.informatik.ultimate.plugins.analysis.irsdependencies' version='0.0.1'>
      <properties size='1'>
        <property name='download.size' value='103355'/>
      </properties>
    </artifact>
    <artifact classifier='osgi.bundle' id='org.eclipse.core.databinding.property' version='1.4.200.v20140214-0004'>
      <properties size='1'>
        <property name='download.size' value='169049'/>
      </properties>
    </artifact>
    <artifact classifier='osgi.bundle' id='org.eclipse.emf.ecore.change' version='2.10.0.v20140901-1043'>
      <properties size='1'>
        <property name='download.size' value='86650'/>
      </properties>
    </artifact>
    <artifact classifier='osgi.bundle' id='org.eclipse.ltk.core.refactoring' version='3.6.101.v20140817-1500'>
      <properties size='1'>
        <property name='download.size' value='326284'/>
      </properties>
    </artifact>
    <artifact classifier='osgi.bundle' id='org.eclipse.core.filesystem.linux.x86_64' version='1.2.200.v20140124-1940'>
      <properties size='1'>
        <property name='download.size' value='10610'/>
      </properties>
    </artifact>
    <artifact classifier='osgi.bundle' id='org.eclipse.core.variables' version='3.2.800.v20130819-1716'>
      <properties size='1'>
        <property name='download.size' value='34860'/>
      </properties>
    </artifact>
    <artifact classifier='osgi.bundle' id='org.eclipse.e4.core.commands' version='0.10.2.v20140424-2344'>
      <properties size='1'>
        <property name='download.size' value='25577'/>
      </properties>
    </artifact>
    <artifact classifier='osgi.bundle' id='org.eclipse.swt.gtk.linux.x86_64' version='3.103.1.v20140903-1947'>
      <properties size='1'>
        <property name='download.size' value='2597305'/>
      </properties>
    </artifact>
    <artifact classifier='osgi.bundle' id='Library-SMTLIB' version='0.0.1'>
      <properties size='1'>
        <property name='download.size' value='165031'/>
      </properties>
    </artifact>
    <artifact classifier='osgi.bundle' id='de.uni_freiburg.informatik.ultimate.plugins.analysis.lassoranker' version='0.0.1'>
      <properties size='1'>
        <property name='download.size' value='31637'/>
      </properties>
    </artifact>
    <artifact classifier='osgi.bundle' id='org.eclipse.cdt.core.linux' version='5.3.0.201409172108'>
      <properties size='1'>
        <property name='download.size' value='12704'/>
      </properties>
    </artifact>
    <artifact classifier='osgi.bundle' id='javax.annotation' version='1.2.0.v201401042248'>
      <properties size='1'>
        <property name='download.size' value='28155'/>
      </properties>
    </artifact>
    <artifact classifier='osgi.bundle' id='org.eclipse.core.jobs' version='3.6.0.v20140424-0053'>
      <properties size='1'>
        <property name='download.size' value='97549'/>
      </properties>
    </artifact>
    <artifact classifier='osgi.bundle' id='org.junit' version='4.11.0.v201303080030'>
      <properties size='1'>
        <property name='download.size' value='228620'/>
      </properties>
      <repositoryProperties size='1'>
        <property name='artifact.folder' value='true'/>
      </repositoryProperties>
    </artifact>
    <artifact classifier='osgi.bundle' id='de.uni_freiburg.informatik.ultimate.buchiprogramproduct' version='0.0.1'>
      <properties size='1'>
        <property name='download.size' value='63669'/>
      </properties>
    </artifact>
    <artifact classifier='osgi.bundle' id='org.eclipse.core.commands' version='3.6.100.v20140528-1422'>
      <properties size='1'>
        <property name='download.size' value='109245'/>
      </properties>
    </artifact>
    <artifact classifier='osgi.bundle' id='org.eclipse.ui' version='3.106.0.v20140812-1751'>
      <properties size='1'>
        <property name='download.size' value='268706'/>
      </properties>
    </artifact>
    <artifact classifier='osgi.bundle' id='org.w3c.dom.svg' version='1.1.0.v201011041433'>
      <properties size='1'>
        <property name='download.size' value='87907'/>
      </properties>
    </artifact>
    <artifact classifier='osgi.bundle' id='org.eclipse.equinox.launcher' version='1.3.0.v20140415-2008'>
      <properties size='1'>
        <property name='download.size' value='50200'/>
      </properties>
    </artifact>
    <artifact classifier='osgi.bundle' id='org.eclipse.e4.ui.model.workbench' version='1.1.0.v20140512-1820'>
      <properties size='1'>
        <property name='download.size' value='376065'/>
      </properties>
    </artifact>
    <artifact classifier='osgi.bundle' id='org.eclipse.jface.databinding' version='1.6.200.v20140528-1422'>
      <properties size='1'>
        <property name='download.size' value='278278'/>
      </properties>
    </artifact>
    <artifact classifier='osgi.bundle' id='org.apache.batik.css' version='1.7.0.v201011041433'>
      <properties size='1'>
        <property name='download.size' value='343722'/>
      </properties>
    </artifact>
    <artifact classifier='osgi.bundle' id='org.eclipse.core.expressions' version='3.4.600.v20140128-0851'>
      <properties size='1'>
        <property name='download.size' value='88716'/>
      </properties>
    </artifact>
    <artifact classifier='osgi.bundle' id='org.eclipse.text' version='3.5.300.v20130515-1451'>
      <properties size='1'>
        <property name='download.size' value='249432'/>
      </properties>
    </artifact>
    <artifact classifier='org.eclipse.update.feature' id='BA_FeatureUltimateCommandLine' version='0.0.1'>
      <properties size='1'>
        <property name='download.size' value='2625'/>
      </properties>
      <repositoryProperties size='1'>
        <property name='artifact.folder' value='true'/>
      </repositoryProperties>
    </artifact>
    <artifact classifier='osgi.bundle' id='javax.xml' version='1.3.4.v201005080400'>
      <properties size='1'>
        <property name='download.size' value='237988'/>
      </properties>
    </artifact>
    <artifact classifier='osgi.bundle' id='org.apache.commons.io' version='2.0.1.v201105210651'>
      <properties size='1'>
        <property name='download.size' value='170843'/>
      </properties>
    </artifact>
    <artifact classifier='osgi.bundle' id='org.eclipse.core.databinding' version='1.4.2.v20140729-1044'>
      <properties size='1'>
        <property name='download.size' value='202134'/>
      </properties>
    </artifact>
    <artifact classifier='osgi.bundle' id='org.eclipse.equinox.event' version='1.3.100.v20140115-1647'>
      <properties size='1'>
        <property name='download.size' value='32352'/>
      </properties>
    </artifact>
    <artifact classifier='osgi.bundle' id='org.apache.batik.util.gui' version='1.7.0.v200903091627'>
      <properties size='1'>
        <property name='download.size' value='201287'/>
      </properties>
    </artifact>
    <artifact classifier='osgi.bundle' id='org.eclipse.equinox.ds' version='1.4.200.v20131126-2331'>
      <properties size='1'>
        <property name='download.size' value='194802'/>
      </properties>
    </artifact>
    <artifact classifier='osgi.bundle' id='org.eclipse.e4.ui.services' version='1.1.0.v20140328-1925'>
      <properties size='1'>
        <property name='download.size' value='26059'/>
      </properties>
    </artifact>
    <artifact classifier='osgi.bundle' id='org.eclipse.e4.core.di.extensions' version='0.12.0.v20140417-2033'>
      <properties size='1'>
        <property name='download.size' value='28576'/>
      </properties>
    </artifact>
    <artifact classifier='osgi.bundle' id='org.eclipse.e4.ui.workbench' version='1.2.1.v20140901-1244'>
      <properties size='1'>
        <property name='download.size' value='282689'/>
      </properties>
    </artifact>
    <artifact classifier='osgi.bundle' id='de.uni_freiburg.informatik.ultimate.boogie.printer' version='0.0.1'>
      <properties size='1'>
        <property name='download.size' value='9088'/>
      </properties>
    </artifact>
    <artifact classifier='osgi.bundle' id='org.eclipse.e4.ui.workbench.addons.swt' version='1.1.1.v20140903-0821'>
      <properties size='1'>
        <property name='download.size' value='144329'/>
      </properties>
    </artifact>
    <artifact classifier='osgi.bundle' id='de.uni_freiburg.informatik.ultimate.plugins.generator.rcfgbuilder' version='0.0.1'>
      <properties size='1'>
        <property name='download.size' value='87420'/>
      </properties>
    </artifact>
    <artifact classifier='osgi.bundle' id='org.eclipse.equinox.registry' version='3.5.400.v20140428-1507'>
      <properties size='1'>
        <property name='download.size' value='183511'/>
      </properties>
    </artifact>
    <artifact classifier='osgi.bundle' id='Library-log4j' version='1.2.15'>
      <properties size='1'>
        <property name='download.size' value='393337'/>
      </properties>
    </artifact>
    <artifact classifier='osgi.bundle' id='de.uni_freiburg.informatik.ultimate.plugins.generator.automatascriptinterpreter' version='0.0.1'>
      <properties size='1'>
        <property name='download.size' value='48688'/>
      </properties>
    </artifact>
    <artifact classifier='osgi.bundle' id='org.eclipse.core.runtime.compatibility.auth' version='3.2.300.v20120523-2004'>
      <properties size='1'>
        <property name='download.size' value='21532'/>
      </properties>
    </artifact>
    <artifact classifier='osgi.bundle' id='de.uni_freiburg.informatik.ultimate.plugins.generator.traceabstraction' version='0.0.1'>
      <properties size='1'>
        <property name='download.size' value='462894'/>
      </properties>
    </artifact>
    <artifact classifier='osgi.bundle' id='de.uni_freiburg.informatik.ultimate.plugins.generator.buchiautomizer' version='0.0.1'>
      <properties size='1'>
        <property name='download.size' value='118870'/>
      </properties>
    </artifact>
    <artifact classifier='osgi.bundle' id='org.eclipse.e4.ui.css.swt' version='0.11.101.v20140818-1343'>
      <properties size='1'>
        <property name='download.size' value='198834'/>
      </properties>
    </artifact>
    <artifact classifier='osgi.bundle' id='ACSLParser' version='0.0.1'>
      <properties size='1'>
        <property name='download.size' value='192690'/>
      </properties>
    </artifact>
    <artifact classifier='osgi.bundle' id='org.eclipse.core.runtime' version='3.10.0.v20140318-2214'>
      <properties size='1'>
        <property name='download.size' value='75169'/>
      </properties>
    </artifact>
    <artifact classifier='osgi.bundle' id='org.eclipse.osgi' version='3.10.1.v20140909-1633'>
      <properties size='1'>
        <property name='download.size' value='1265461'/>
      </properties>
    </artifact>
    <artifact classifier='osgi.bundle' id='org.eclipse.emf.ecore' version='2.10.1.v20140901-1043'>
      <properties size='1'>
        <property name='download.size' value='1189432'/>
      </properties>
    </artifact>
    <artifact classifier='osgi.bundle' id='BoogieParser' version='0.0.1'>
      <properties size='1'>
        <property name='download.size' value='62685'/>
      </properties>
    </artifact>
    <artifact classifier='osgi.bundle' id='com.ibm.icu' version='52.1.0.v201404241930'>
      <properties size='1'>
        <property name='download.size' value='10731781'/>
      </properties>
    </artifact>
    <artifact classifier='osgi.bundle' id='org.eclipse.equinox.bidi' version='0.10.0.v20130327-1442'>
      <properties size='1'>
        <property name='download.size' value='48549'/>
      </properties>
    </artifact>
    <artifact classifier='osgi.bundle' id='org.eclipse.equinox.launcher.gtk.linux.x86_64' version='1.1.200.v20140603-1326'>
      <properties size='1'>
        <property name='download.size' value='80930'/>
      </properties>
      <repositoryProperties size='1'>
        <property name='artifact.folder' value='true'/>
      </repositoryProperties>
    </artifact>
    <artifact classifier='osgi.bundle' id='javax.servlet' version='3.1.0.v20140303-1611'>
      <properties size='1'>
        <property name='download.size' value='105845'/>
      </properties>
    </artifact>
    <artifact classifier='osgi.bundle' id='org.eclipse.core.filesystem' version='1.4.100.v20140514-1614'>
      <properties size='1'>
        <property name='download.size' value='58234'/>
      </properties>
    </artifact>
    <artifact classifier='osgi.bundle' id='org.eclipse.e4.core.di' version='1.4.0.v20140414-1837'>
      <properties size='1'>
        <property name='download.size' value='54286'/>
      </properties>
    </artifact>
    <artifact classifier='osgi.bundle' id='org.eclipse.e4.ui.bindings' version='0.10.200.v20140424-2042'>
      <properties size='1'>
        <property name='download.size' value='49649'/>
      </properties>
    </artifact>
    <artifact classifier='osgi.bundle' id='org.eclipse.equinox.util' version='1.0.500.v20130404-1337'>
      <properties size='1'>
        <property name='download.size' value='77932'/>
      </properties>
    </artifact>
    <artifact classifier='osgi.bundle' id='CDTParser' version='0.0.1'>
      <properties size='1'>
        <property name='download.size' value='7921'/>
      </properties>
    </artifact>
    <artifact classifier='osgi.bundle' id='de.uni_freiburg.informatik.ultimate.plugins.generator.traceabstractionconcurrent' version='0.0.1'>
      <properties size='1'>
        <property name='download.size' value='35352'/>
      </properties>
    </artifact>
    <artifact classifier='osgi.bundle' id='org.eclipse.e4.ui.workbench3' version='0.12.0.v20140227-2118'>
      <properties size='1'>
        <property name='download.size' value='10248'/>
      </properties>
    </artifact>
    <artifact classifier='osgi.bundle' id='org.eclipse.core.resources' version='3.9.1.v20140825-1431'>
      <properties size='1'>
        <property name='download.size' value='833742'/>
      </properties>
    </artifact>
    <artifact classifier='osgi.bundle' id='Library-ApacheCommonsLang' version='3.3.2'>
      <properties size='1'>
        <property name='download.size' value='413605'/>
      </properties>
    </artifact>
    <artifact classifier='osgi.bundle' id='org.eclipse.equinox.app' version='1.3.200.v20130910-1609'>
      <properties size='1'>
        <property name='download.size' value='86245'/>
      </properties>
    </artifact>
    <artifact classifier='osgi.bundle' id='org.eclipse.e4.ui.css.swt.theme' version='0.9.300.v20140424-2042'>
      <properties size='1'>
        <property name='download.size' value='26431'/>
      </properties>
    </artifact>
    <artifact classifier='osgi.bundle' id='org.eclipse.e4.core.services' version='1.2.1.v20140808-1251'>
      <properties size='1'>
        <property name='download.size' value='45677'/>
      </properties>
    </artifact>
    <artifact classifier='osgi.bundle' id='org.eclipse.e4.ui.workbench.swt' version='0.12.100.v20140530-1436'>
      <properties size='1'>
        <property name='download.size' value='184491'/>
      </properties>
    </artifact>
    <artifact classifier='osgi.bundle' id='Library-UltimateUtil' version='0.0.1'>
      <properties size='1'>
        <property name='download.size' value='80324'/>
      </properties>
    </artifact>
    <artifact classifier='osgi.bundle' id='AutomataScriptParser' version='0.0.1'>
      <properties size='1'>
        <property name='download.size' value='116864'/>
      </properties>
    </artifact>
    <artifact classifier='osgi.bundle' id='org.w3c.dom.events' version='3.0.0.draft20060413_v201105210656'>
      <properties size='1'>
        <property name='download.size' value='13305'/>
      </properties>
    </artifact>
    <artifact classifier='osgi.bundle' id='org.eclipse.e4.core.contexts' version='1.3.100.v20140407-1019'>
      <properties size='1'>
        <property name='download.size' value='49023'/>
      </properties>
    </artifact>
    <artifact classifier='osgi.bundle' id='org.eclipse.osgi.services' version='3.4.0.v20140312-2051'>
      <properties size='1'>
        <property name='download.size' value='90686'/>
      </properties>
    </artifact>
    <artifact classifier='osgi.bundle' id='org.eclipse.emf.ecore.xmi' version='2.10.1.v20140901-1043'>
      <properties size='1'>
        <property name='download.size' value='229412'/>
      </properties>
    </artifact>
    <artifact classifier='osgi.bundle' id='de.uni_freiburg.informatik.ultimate.plugins.generator.codecheck' version='0.0.1'>
      <properties size='1'>
        <property name='download.size' value='93992'/>
      </properties>
    </artifact>
    <artifact classifier='osgi.bundle' id='Library-LassoRanker' version='0.9.5'>
      <properties size='1'>
        <property name='download.size' value='249510'/>
      </properties>
    </artifact>
    <artifact classifier='osgi.bundle' id='org.eclipse.ui.workbench' version='3.106.1.v20140827-1737'>
      <properties size='1'>
        <property name='download.size' value='4011666'/>
      </properties>
    </artifact>
    <artifact classifier='osgi.bundle' id='de.uni_freiburg.informatik.ultimate.ltl2aut' version='0.0.1'>
      <properties size='1'>
        <property name='download.size' value='68454'/>
      </properties>
    </artifact>
    <artifact classifier='osgi.bundle' id='de.uni_freiburg.informatik.ultimate.plugins.generator.blockencoding' version='0.0.1'>
      <properties size='1'>
        <property name='download.size' value='83358'/>
      </properties>
    </artifact>
    <artifact classifier='osgi.bundle' id='org.eclipse.cdt.core.linux.x86_64' version='5.3.0.201409172108'>
      <properties size='1'>
        <property name='download.size' value='19682'/>
      </properties>
    </artifact>
    <artifact classifier='osgi.bundle' id='org.eclipse.help' version='3.6.0.v20130326-1254'>
      <properties size='1'>
        <property name='download.size' value='258927'/>
      </properties>
    </artifact>
    <artifact classifier='osgi.bundle' id='Library-Jung' version='2.0.1'>
      <properties size='1'>
        <property name='download.size' value='4670578'/>
      </properties>
    </artifact>
    <artifact classifier='osgi.bundle' id='org.apache.batik.util' version='1.7.0.v201011041433'>
      <properties size='1'>
        <property name='download.size' value='150535'/>
      </properties>
    </artifact>
    <artifact classifier='osgi.bundle' id='org.eclipse.emf.common' version='2.10.1.v20140901-1043'>
      <properties size='1'>
        <property name='download.size' value='353692'/>
      </properties>
    </artifact>
    <artifact classifier='osgi.bundle' id='SMTInterpol' version='2.0.0'>
      <properties size='1'>
        <property name='download.size' value='790910'/>
      </properties>
    </artifact>
    <artifact classifier='osgi.bundle' id='org.eclipse.jface' version='3.10.1.v20140813-1009'>
      <properties size='1'>
        <property name='download.size' value='1159354'/>
      </properties>
    </artifact>
    <artifact classifier='osgi.bundle' id='UltimateCore' version='0.0.1'>
      <properties size='1'>
        <property name='download.size' value='632075'/>
      </properties>
    </artifact>
    <artifact classifier='osgi.bundle' id='UltimateCLI' version='0.0.1'>
      <properties size='1'>
        <property name='download.size' value='6395'/>
      </properties>
    </artifact>
    <artifact classifier='osgi.bundle' id='org.eclipse.cdt.core' version='5.8.0.201409172108'>
      <properties size='1'>
        <property name='download.size' value='5266974'/>
      </properties>
    </artifact>
    <artifact classifier='osgi.bundle' id='org.w3c.dom.smil' version='1.0.1.v200903091627'>
      <properties size='1'>
        <property name='download.size' value='19439'/>
      </properties>
    </artifact>
    <artifact classifier='osgi.bundle' id='org.eclipse.e4.ui.di' version='1.0.0.v20140328-2112'>
      <properties size='1'>
        <property name='download.size' value='15867'/>
      </properties>
    </artifact>
    <artifact classifier='osgi.bundle' id='javax.inject' version='1.0.0.v20091030'>
      <properties size='1'>
        <property name='download.size' value='12288'/>
      </properties>
    </artifact>
    <artifact classifier='osgi.bundle' id='org.eclipse.core.databinding.observable' version='1.4.1.v20140210-1835'>
      <properties size='1'>
        <property name='download.size' value='297390'/>
      </properties>
    </artifact>
    <artifact classifier='osgi.bundle' id='BoogiePreprocessor' version='0.0.1'>
      <properties size='1'>
        <property name='download.size' value='109609'/>
      </properties>
    </artifact>
    <artifact classifier='osgi.bundle' id='org.eclipse.core.contenttype' version='3.4.200.v20140207-1251'>
      <properties size='1'>
        <property name='download.size' value='93948'/>
      </properties>
    </artifact>
    <artifact classifier='osgi.bundle' id='org.eclipse.e4.ui.css.core' version='0.10.100.v20140424-2042'>
      <properties size='1'>
        <property name='download.size' value='207929'/>
      </properties>
    </artifact>
    <artifact classifier='osgi.bundle' id='org.eclipse.equinox.common' version='3.6.200.v20130402-1505'>
      <properties size='1'>
        <property name='download.size' value='106701'/>
      </properties>
    </artifact>
    <artifact classifier='osgi.bundle' id='org.w3c.css.sac' version='1.3.1.v200903091627'>
      <properties size='1'>
        <property name='download.size' value='32957'/>
      </properties>
    </artifact>
    <artifact classifier='osgi.bundle' id='org.eclipse.swt' version='3.103.1.v20140903-1938'>
      <properties size='1'>
        <property name='download.size' value='18475'/>
      </properties>
    </artifact>
    <artifact classifier='org.eclipse.update.feature' id='BA_FeatureDependenciesCommandlineE4' version='0.0.1'>
      <properties size='1'>
        <property name='download.size' value='4255'/>
      </properties>
      <repositoryProperties size='1'>
        <property name='artifact.folder' value='true'/>
      </repositoryProperties>
    </artifact>
    <artifact classifier='osgi.bundle' id='de.uni_freiburg.informatik.ultimate.plugins.analysis.abstractinterpretation' version='0.0.1'>
      <properties size='1'>
        <property name='download.size' value='138877'/>
      </properties>
    </artifact>
    <artifact classifier='osgi.bundle' id='org.eclipse.core.runtime.compatibility.registry' version='3.5.300.v20140128-0851'>
      <properties size='1'>
        <property name='download.size' value='18906'/>
      </properties>
      <repositoryProperties size='1'>
        <property name='artifact.folder' value='true'/>
      </repositoryProperties>
    </artifact>
    <artifact classifier='osgi.bundle' id='org.eclipse.equinox.preferences' version='3.5.200.v20140224-1527'>
      <properties size='1'>
        <property name='download.size' value='127161'/>
      </properties>
    </artifact>
    <artifact classifier='osgi.bundle' id='org.eclipse.e4.ui.workbench.renderers.swt' version='0.12.1.v20140903-1023'>
      <properties size='1'>
        <property name='download.size' value='358502'/>
      </properties>
    </artifact>
  </artifacts>
</repository>
